{
  "133.203.126.145": {
    "status": "success",
    "country": "Japan",
    "countryCode": "JP",
    "region": "12",
    "regionName": "Chiba",
    "city": "Narashino Shi",
    "zip": "275-0011",
    "lat": 35.6842,
    "lon": 140.0467,
    "timezone": "Asia/Tokyo",
    "isp": "BIGLOBE Inc.",
    "org": "NEC BIGLOBE Ltd.",
    "as": "AS2518 BIGLOBE Inc.",
    "query": "133.203.126.145"
  },
  "221.163.84.170": {
    "status": "success",
    "country": "South Korea",
    "countryCode": "KR",
    "region": "41",
    "regionName": "Gyeonggi-do",
    "city": "Suwon",
    "zip": "162",
    "lat": 37.2963,
    "lon": 127.0506,
    "timezone": "Asia/Seoul",
    "isp": "Korea Telecom",
    "org": "Kornet",
    "as": "AS4766 Korea Telecom",
    "query": "221.163.84.170"
  },
  "115.30.202.47": {
    "status": "success",
    "country": "Japan",
    "countryCode": "JP",
    "region": "37",
    "regionName": "Kagawa",
    "city": "Takamatsu",
    "zip": "760-0071",
    "lat": 34.3316,
    "lon": 134.0455,
    "timezone": "Asia/Tokyo",
    "isp": "STNet, Incorporated",
    "org": "STNet",
    "as": "AS7522 STNet, Incorporated",
    "query": "115.30.202.47"
  },
  "219.100.37.210": {
    "status": "success",
    "country": "Japan",
    "countryCode": "JP",
    "region": "13",
    "regionName": "Tokyo",
    "city": "Chiyoda City",
    "zip": "100-8111",
    "lat": 35.6916,
    "lon": 139.768,
    "timezone": "Asia/Tokyo",
    "isp": "SoftEther",
    "org": "SoftEther Corporation",
    "as": "AS36599 SoftEther Telecommunication Research Institute, LLC",
    "query": "219.100.37.210"
  },
  "118.220.194.116": {
    "status": "success",
    "country": "South Korea",
    "countryCode": "KR",
    "region": "41",
    "regionName": "Gyeonggi-do",
    "city": "Yongin-si",
    "zip": "168",
    "lat": 37.3347,
    "lon": 127.0717,
    "timezone": "Asia/Seoul",
    "isp": "SK Broadband Co Ltd",
    "org": "broadNnet",
    "as": "AS9318 SK Broadband Co Ltd",
    "query": "118.220.194.116"
  },
  "121.138.244.175": {
    "status": "success",
    "country": "South Korea",
    "countryCode": "KR",
    "region": "41",
    "regionName": "Gyeonggi-do",
    "city": "Gwangju",
    "zip": "127",
    "lat": 37.3851,
    "lon": 127.2217,
    "timezone": "Asia/Seoul",
    "isp": "Korea Telecom",
    "org": "",
    "as": "AS4766 Korea Telecom",
    "query": "121.138.244.175"
  },
  "113.22.31.109": {
    "status": "success",
    "country": "Vietnam",
    "countryCode": "VN",
    "region": "SG",
    "regionName": "Ho Chi Minh",
    "city": "Ho Chi Minh City",
    "zip": "700000",
    "lat": 10.822,
    "lon": 106.6257,
    "timezone": "Asia/Ho_Chi_Minh",
    "isp": "FPT Telecom Company",
    "org": "Vietnam Internet Network Information Center",
    "as": "AS18403 FPT Telecom Company",
    "query": "113.22.31.109"
  },
  "202.95.181.113": {
    "status": "success",
    "country": "Japan",
    "countryCode": "JP",
    "region": "16",
    "regionName": "Toyama",
    "city": "Toyama",
    "zip": "930-0851",
    "lat": 36.7069,
    "lon": 137.2129,
    "timezone": "Asia/Tokyo",
    "isp": "IMIZU CABLE NETWORK CO., LTD.",
    "org": "Imizu Cable Network Co., ltd.",
    "as": "AS23778 IMIZU CABLE NETWORK CO.,LTD.",
    "query": "202.95.181.113"
  },
  "114.190.156.40": {
    "status": "success",
    "country": "Japan",
    "countryCode": "JP",
    "region": "27",
    "regionName": "Osaka",
    "city": "Osaka",
    "zip": "530-0041",
    "lat": 34.6967,
    "lon": 135.5154,
    "timezone": "Asia/Tokyo",
    "isp": "NTT Communications Corporation",
    "org": "NTT Communications Corporation",
    "as": "AS4713 NTT Communications Corporation",
    "query": "114.190.156.40"
  },
  "222.227.234.24": {
    "status": "success",
    "country": "Japan",
    "countryCode": "JP",
    "region": "14",
    "regionName": "Kanagawa",
    "city": "Yokohama",
    "zip": "231-0841",
    "lat": 35.4337,
    "lon": 139.6499,
    "timezone": "Asia/Tokyo",
    "isp": "DION (KDDI CORPORATION)",
    "org": "KDDI",
    "as": "AS2516 KDDI CORPORATION",
    "query": "222.227.234.24"
  },
  "187.250.42.242": {
    "status": "success",
    "country": "Mexico",
    "countryCode": "MX",
    "region": "BCN",
    "regionName": "Baja California",
    "city": "Tijuana",
    "zip": "22170",
    "lat": 32.4336,
    "lon": -116.9607,
    "timezone": "America/Tijuana",
    "isp": "Uninet S.A. de C.V.",
    "org": "Telefonos del Noroeste, S.A. de C.V",
    "as": "AS8151 UNINET",
    "query": "187.250.42.242"
  },
  "126.219.63.11": {
    "status": "success",
    "country": "Japan",
    "countryCode": "JP",
    "region": "13",
    "regionName": "Tokyo",
    "city": "Minato",
    "zip": "105-0012",
    "lat": 35.6552,
    "lon": 139.761,
    "timezone": "Asia/Tokyo",
    "isp": "SoftBank Corp.",
    "org": "SOFTBANK Corp",
    "as": "AS17676 SoftBank Corp.",
    "query": "126.219.63.11"
  },
  "61.45.123.207": {
    "status": "success",
    "country": "Japan",
    "countryCode": "JP",
    "region": "13",
    "regionName": "Tokyo",
    "city": "Kokubunji",
    "zip": "185-0021",
    "lat": 35.6984,
    "lon": 139.4819,
    "timezone": "Asia/Tokyo",
    "isp": "NTT-ME Corporation",
    "org": "NTT-ME Corporation",
    "as": "AS9595 NTT-ME Corporation",
    "query": "61.45.123.207"
  },
  "180.198.170.53": {
    "status": "success",
    "country": "Japan",
    "countryCode": "JP",
    "region": "20",
    "regionName": "Nagano",
    "city": "Nagano",
    "zip": "380-0941",
    "lat": 36.63,
    "lon": 138.1795,
    "timezone": "Asia/Tokyo",
    "isp": "Chubu Telecommunications Company, Inc.",
    "org": "Chubu Telecommunications Co., Inc.",
    "as": "AS18126 Chubu Telecommunications Company, Inc.",
    "query": "180.198.170.53"
  },
  "118.156.193.249": {
    "status": "success",
    "country": "Japan",
    "countryCode": "JP",
    "region": "13",
    "regionName": "Tokyo",
    "city": "Nishiōizumi",
    "zip": "178-0061",
    "lat": 35.7662,
    "lon": 139.5827,
    "timezone": "Asia/Tokyo",
    "isp": "Kddi Corporation",
    "org": "KDDI",
    "as": "AS2516 KDDI CORPORATION",
    "query": "118.156.193.249"
  },
  "126.126.89.27": {
    "status": "success",
    "country": "Japan",
    "countryCode": "JP",
    "region": "13",
    "regionName": "Tokyo",
    "city": "Minato-ku",
    "zip": "105-0012",
    "lat": 35.6552,
    "lon": 139.761,
    "timezone": "Asia/Tokyo",
    "isp": "SoftBank Corp.",
    "org": "SOFTBANK Corp",
    "as": "AS17676 SoftBank Corp.",
    "query": "126.126.89.27"
  },
  "49.49.241.39": {
    "status": "success",
    "country": "Thailand",
    "countryCode": "TH",
    "region": "10",
    "regionName": "Bangkok",
    "city": "Bangkok",
    "zip": "10600",
    "lat": 13.733,
    "lon": 100.4865,
    "timezone": "Asia/Bangkok",
    "isp": "Triple T Broadband Public Company Limited",
    "org": "Triple T Broadband Public Company Limited",
    "as": "AS45758 Triple T Broadband Public Company Limited",
    "query": "49.49.241.39"
  },
  "218.235.148.205": {
    "status": "success",
    "country": "South Korea",
    "countryCode": "KR",
    "region": "11",
    "regionName": "Seoul",
    "city": "Jungnang-gu",
    "zip": "020",
    "lat": 37.6046,
    "lon": 127.0888,
    "timezone": "Asia/Seoul",
    "isp": "broadNnet",
    "org": "543MEDIATECH",
    "as": "AS9318 SK Broadband Co Ltd",
    "query": "218.235.148.205"
  },
  "122.99.21.46": {
    "status": "success",
    "country": "Taiwan",
    "countryCode": "TW",
    "region": "TPE",
    "regionName": "Taipei City",
    "city": "Taipei",
    "zip": "",
    "lat": 25.053,
    "lon": 121.5259,
    "timezone": "Asia/Taipei",
    "isp": "KE-ING",
    "org": "KE-ing Co, Ltd",
    "as": "AS9416 Hoshin Multimedia Center Inc.",
    "query": "122.99.21.46"
  },
  "175.196.3.212": {
    "status": "success",
    "country": "South Korea",
    "countryCode": "KR",
    "region": "11",
    "regionName": "Seoul",
    "city": "Seocho-gu",
    "zip": "065",
    "lat": 37.5015,
    "lon": 127.0013,
    "timezone": "Asia/Seoul",
    "isp": "Korea Telecom",
    "org": "Kornet",
    "as": "AS4766 Korea Telecom",
    "query": "175.196.3.212"
  },
  "221.152.115.166": {
    "status": "success",
    "country": "South Korea",
    "countryCode": "KR",
    "region": "26",
    "regionName": "Busan",
    "city": "Suyeong-gu",
    "zip": "482",
    "lat": 35.1513,
    "lon": 129.1203,
    "timezone": "Asia/Seoul",
    "isp": "Korea Telecom",
    "org": "(ju)hyeonsolru",
    "as": "AS4766 Korea Telecom",
    "query": "221.152.115.166"
  },
  "171.6.128.153": {
    "status": "success",
    "country": "Thailand",
    "countryCode": "TH",
    "region": "10",
    "regionName": "Bangkok",
    "city": "Bangkok",
    "zip": "10160",
    "lat": 13.7159,
    "lon": 100.417,
    "timezone": "Asia/Bangkok",
    "isp": "Triple T Broadband Public Company Limited",
    "org": "Triple T Broadband Public Company Limited",
    "as": "AS45758 Triple T Broadband Public Company Limited",
    "query": "171.6.128.153"
  },
  "1.246.154.63": {
    "status": "success",
    "country": "South Korea",
    "countryCode": "KR",
    "region": "43",
    "regionName": "North Chungcheong",
    "city": "Cheongju-si",
    "zip": "28515",
    "lat": 36.6378,
    "lon": 127.4838,
    "timezone": "Asia/Seoul",
    "isp": "SK Broadband Co Ltd",
    "org": "SK Broadband Co Ltd",
    "as": "AS9318 SK Broadband Co Ltd",
    "query": "1.246.154.63"
  },
  "122.145.117.190": {
    "status": "success",
    "country": "Japan",
    "countryCode": "JP",
    "region": "23",
    "regionName": "Aichi",
    "city": "Nagoya",
    "zip": "461-0001",
    "lat": 35.1796,
    "lon": 136.9166,
    "timezone": "Asia/Tokyo",
    "isp": "FreeBit Co., Ltd.",
    "org": "FreeBit Co., Ltd.",
    "as": "AS10013 FreeBit Co.,Ltd.",
    "query": "122.145.117.190"
  },
  "61.245.188.65": {
    "status": "success",
    "country": "South Korea",
    "countryCode": "KR",
    "region": "29",
    "regionName": "Gwangju",
    "city": "Gwangju",
    "zip": "61928",
    "lat": 35.1573,
    "lon": 126.904,
    "timezone": "Asia/Seoul",
    "isp": "Korea Cable TV Kwangju Broadcasting",
    "org": "Kctvnet",
    "as": "AS38673 Korea Cable TV Kwangju Broadcasting",
    "query": "61.245.188.65"
  },
  "219.100.37.60": {
    "status": "success",
    "country": "Japan",
    "countryCode": "JP",
    "region": "13",
    "regionName": "Tokyo",
    "city": "Chiyoda City",
    "zip": "100-8111",
    "lat": 35.6916,
    "lon": 139.768,
    "timezone": "Asia/Tokyo",
    "isp": "SoftEther",
    "org": "SoftEther Corporation",
    "as": "AS36599 SoftEther Telecommunication Research Institute, LLC",
    "query": "219.100.37.60"
  },
  "125.205.7.205": {
    "status": "success",
    "country": "Japan",
    "countryCode": "JP",
    "region": "40",
    "regionName": "Fukuoka",
    "city": "Arato",
    "zip": "810-0061",
    "lat": 33.5952,
    "lon": 130.3816,
    "timezone": "Asia/Tokyo",
    "isp": "NTT Communications Corporation",
    "org": "NTT Communications Corporation",
    "as": "AS4713 NTT Communications Corporation",
    "query": "125.205.7.205"
  },
  "119.193.192.135": {
    "status": "success",
    "country": "South Korea",
    "countryCode": "KR",
    "region": "11",
    "regionName": "Seoul",
    "city": "Seoul",
    "zip": "045",
    "lat": 37.5658,
    "lon": 126.978,
    "timezone": "Asia/Seoul",
    "isp": "Korea Telecom",
    "org": "Kornet",
    "as": "AS4766 Korea Telecom",
    "query": "119.193.192.135"
  },
  "131.147.203.90": {
    "status": "success",
    "country": "Japan",
    "countryCode": "JP",
    "region": "11",
    "regionName": "Saitama",
    "city": "Tokorozawa",
    "zip": "359-1131",
    "lat": 35.7904,
    "lon": 139.4636,
    "timezone": "Asia/Tokyo",
    "isp": "Sony Network Communications Inc.",
    "org": "Sony Network Communications Inc.",
    "as": "AS2527 Sony Network Communications Inc.",
    "query": "131.147.203.90"
  },
  "219.100.37.49": {
    "status": "success",
    "country": "Japan",
    "countryCode": "JP",
    "region": "13",
    "regionName": "Tokyo",
    "city": "Chiyoda City",
    "zip": "100-8111",
    "lat": 35.6916,
    "lon": 139.768,
    "timezone": "Asia/Tokyo",
    "isp": "SoftEther",
    "org": "SoftEther Corporation",
    "as": "AS36599 SoftEther Telecommunication Research Institute, LLC",
    "query": "219.100.37.49"
  },
  "219.100.37.199": {
    "status": "success",
    "country": "Japan",
    "countryCode": "JP",
    "region": "13",
    "regionName": "Tokyo",
    "city": "Chiyoda City",
    "zip": "100-8111",
    "lat": 35.6916,
    "lon": 139.768,
    "timezone": "Asia/Tokyo",
    "isp": "SoftEther",
    "org": "SoftEther Corporation",
    "as": "AS36599 SoftEther Telecommunication Research Institute, LLC",
    "query": "219.100.37.199"
  },
  "219.100.37.101": {
    "status": "success",
    "country": "Japan",
    "countryCode": "JP",
    "region": "13",
    "regionName": "Tokyo",
    "city": "Chiyoda City",
    "zip": "100-8111",
    "lat": 35.6916,
    "lon": 139.768,
    "timezone": "Asia/Tokyo",
    "isp": "SoftEther",
    "org": "SoftEther Corporation",
    "as": "AS36599 SoftEther Telecommunication Research Institute, LLC",
    "query": "219.100.37.101"
  },
  "219.100.37.224": {
    "status": "success",
    "country": "Japan",
    "countryCode": "JP",
    "region": "13",
    "regionName": "Tokyo",
    "city": "Chiyoda City",
    "zip": "100-8111",
    "lat": 35.6916,
    "lon": 139.768,
    "timezone": "Asia/Tokyo",
    "isp": "SoftEther",
    "org": "SoftEther Corporation",
    "as": "AS36599 SoftEther Telecommunication Research Institute, LLC",
    "query": "219.100.37.224"
  },
  "219.100.37.200": {
    "status": "success",
    "country": "Japan",
    "countryCode": "JP",
    "region": "13",
    "regionName": "Tokyo",
    "city": "Chiyoda City",
    "zip": "100-8111",
    "lat": 35.6916,
    "lon": 139.768,
    "timezone": "Asia/Tokyo",
    "isp": "SoftEther",
    "org": "SoftEther Corporation",
    "as": "AS36599 SoftEther Telecommunication Research Institute, LLC",
    "query": "219.100.37.200"
  },
  "219.100.37.167": {
    "status": "success",
    "country": "Japan",
    "countryCode": "JP",
    "region": "13",
    "regionName": "Tokyo",
    "city": "Chiyoda City",
    "zip": "100-8111",
    "lat": 35.6916,
    "lon": 139.768,
    "timezone": "Asia/Tokyo",
    "isp": "SoftEther",
    "org": "SoftEther Corporation",
    "as": "AS36599 SoftEther Telecommunication Research Institute, LLC",
    "query": "219.100.37.167"
  },
  "219.100.37.111": {
    "status": "success",
    "country": "Japan",
    "countryCode": "JP",
    "region": "13",
    "regionName": "Tokyo",
    "city": "Chiyoda City",
    "zip": "100-8111",
    "lat": 35.6916,
    "lon": 139.768,
    "timezone": "Asia/Tokyo",
    "isp": "SoftEther",
    "org": "SoftEther Corporation",
    "as": "AS36599 SoftEther Telecommunication Research Institute, LLC",
    "query": "219.100.37.111"
  },
  "219.100.37.196": {
    "status": "success",
    "country": "Japan",
    "countryCode": "JP",
    "region": "13",
    "regionName": "Tokyo",
    "city": "Chiyoda City",
    "zip": "100-8111",
    "lat": 35.6916,
    "lon": 139.768,
    "timezone": "Asia/Tokyo",
    "isp": "SoftEther",
    "org": "SoftEther Corporation",
    "as": "AS36599 SoftEther Telecommunication Research Institute, LLC",
    "query": "219.100.37.196"
  },
  "24.17.113.48": {
    "status": "success",
    "country": "United States",
    "countryCode": "US",
    "region": "WA",
    "regionName": "Washington",
    "city": "Bellevue",
    "zip": "98006",
    "lat": 47.5579,
    "lon": -122.1633,
    "timezone": "America/Los_Angeles",
    "isp": "Comcast Cable Communications, LLC",
    "org": "Comcast Cable Communications",
    "as": "AS7922 Comcast Cable Communications, LLC",
    "query": "24.17.113.48"
  },
  "219.100.37.168": {
    "status": "success",
    "country": "Japan",
    "countryCode": "JP",
    "region": "13",
    "regionName": "Tokyo",
    "city": "Chiyoda City",
    "zip": "100-8111",
    "lat": 35.6916,
    "lon": 139.768,
    "timezone": "Asia/Tokyo",
    "isp": "SoftEther",
    "org": "SoftEther Corporation",
    "as": "AS36599 SoftEther Telecommunication Research Institute, LLC",
    "query": "219.100.37.168"
  },
  "219.100.37.29": {
    "status": "success",
    "country": "Japan",
    "countryCode": "JP",
    "region": "13",
    "regionName": "Tokyo",
    "city": "Chiyoda City",
    "zip": "100-8111",
    "lat": 35.6916,
    "lon": 139.768,
    "timezone": "Asia/Tokyo",
    "isp": "SoftEther",
    "org": "SoftEther Corporation",
    "as": "AS36599 SoftEther Telecommunication Research Institute, LLC",
    "query": "219.100.37.29"
  },
  "223.133.215.32": {
    "status": "success",
    "country": "Japan",
    "countryCode": "JP",
    "region": "23",
    "regionName": "Aichi",
    "city": "Toyota",
    "zip": "471-0021",
    "lat": 35.0901,
    "lon": 137.1681,
    "timezone": "Asia/Tokyo",
    "isp": "So-net Entertainment Corporation",
    "org": "So-net Entertainment Corporation",
    "as": "AS2527 Sony Network Communications Inc.",
    "query": "223.133.215.32"
  },
  "60.101.232.177": {
    "status": "success",
    "country": "Japan",
    "countryCode": "JP",
    "region": "13",
    "regionName": "Tokyo",
    "city": "Minato-ku",
    "zip": "104-0045",
    "lat": 35.6629,
    "lon": 139.761,
    "timezone": "Asia/Tokyo",
    "isp": "SoftBank Corp.",
    "org": "Japan Nation-wide Network of Softbank Corp.",
    "as": "AS17676 SoftBank Corp.",
    "query": "60.101.232.177"
  },
  "59.138.178.151": {
    "status": "success",
    "country": "Japan",
    "countryCode": "JP",
    "region": "11",
    "regionName": "Saitama",
    "city": "Sakawa",
    "zip": "338-0821",
    "lat": 35.8669,
    "lon": 139.6176,
    "timezone": "Asia/Tokyo",
    "isp": "Kddi Corporation",
    "org": "KDDI",
    "as": "AS2516 KDDI CORPORATION",
    "query": "59.138.178.151"
  },
  "202.226.32.231": {
    "status": "success",
    "country": "Japan",
    "countryCode": "JP",
    "region": "28",
    "regionName": "Hyōgo",
    "city": "Kakogawa",
    "zip": "676-0804",
    "lat": 34.7718,
    "lon": 134.8256,
    "timezone": "Asia/Tokyo",
    "isp": "ITEC HANKYU HANSHIN CO., LTD.",
    "org": "",
    "as": "AS7524 ITEC HANKYU HANSHIN CO.,LTD.",
    "query": "202.226.32.231"
  },
  "126.115.0.249": {
    "status": "success",
    "country": "Japan",
    "countryCode": "JP",
    "region": "13",
    "regionName": "Tokyo",
    "city": "Minato-ku",
    "zip": "105-0012",
    "lat": 35.6552,
    "lon": 139.761,
    "timezone": "Asia/Tokyo",
    "isp": "SoftBank Corp.",
    "org": "SOFTBANK Corp",
    "as": "AS17676 SoftBank Corp.",
    "query": "126.115.0.249"
  },
  "222.9.32.235": {
    "status": "success",
    "country": "Japan",
    "countryCode": "JP",
    "region": "23",
    "regionName": "Aichi",
    "city": "Nagoya",
    "zip": "462-0841",
    "lat": 35.1926,
    "lon": 136.906,
    "timezone": "Asia/Tokyo",
    "isp": "Chubu Telecommunications Company, Inc.",
    "org": "Chubu Telecommunications Co., Inc.",
    "as": "AS18126 Chubu Telecommunications Company, Inc.",
    "query": "222.9.32.235"
  },
  "119.150.72.88": {
    "status": "success",
    "country": "Japan",
    "countryCode": "JP",
    "region": "12",
    "regionName": "Chiba",
    "city": "Honchō",
    "zip": "273-0001",
    "lat": 35.7059,
    "lon": 140.0004,
    "timezone": "Asia/Tokyo",
    "isp": "ASAHI Net, Inc.",
    "org": "ASAHI",
    "as": "AS4685 Asahi Net",
    "query": "119.150.72.88"
  },
  "60.71.4.56": {
    "status": "success",
    "country": "Japan",
    "countryCode": "JP",
    "region": "09",
    "regionName": "Tochigi",
    "city": "Oyama",
    "zip": "323-0829",
    "lat": 36.3,
    "lon": 139.8,
    "timezone": "Asia/Tokyo",
    "isp": "SoftBank Corp.",
    "org": "Japan Nation-wide Network of Softbank Corp.",
    "as": "AS17676 SoftBank Corp.",
    "query": "60.71.4.56"
  },
  "183.106.84.223": {
    "status": "success",
    "country": "South Korea",
    "countryCode": "KR",
    "region": "27",
    "regionName": "Daegu",
    "city": "Daegu",
    "zip": "412",
    "lat": 35.8699,
    "lon": 128.6314,
    "timezone": "Asia/Seoul",
    "isp": "Korea Telecom",
    "org": "Kornet",
    "as": "AS4766 Korea Telecom",
    "query": "183.106.84.223"
  },
  "59.15.75.133": {
    "status": "success",
    "country": "South Korea",
    "countryCode": "KR",
    "region": "11",
    "regionName": "Seoul",
    "city": "Yangcheon-gu",
    "zip": "079",
    "lat": 37.5392,
    "lon": 126.8605,
    "timezone": "Asia/Seoul",
    "isp": "Korea Telecom",
    "org": "Sudogwonseobubonbu",
    "as": "AS4766 Korea Telecom",
    "query": "59.15.75.133"
  },
  "168.126.114.195": {
    "status": "success",
    "country": "South Korea",
    "countryCode": "KR",
    "region": "41",
    "regionName": "Gyeonggi-do",
    "city": "Gunpo",
    "zip": "158",
    "lat": 37.37,
    "lon": 126.9471,
    "timezone": "Asia/Seoul",
    "isp": "Korea Telecom",
    "org": "Kornet",
    "as": "AS4766 Korea Telecom",
    "query": "168.126.114.195"
  },
  "14.34.37.32": {
    "status": "success",
    "country": "South Korea",
    "countryCode": "KR",
    "region": "11",
    "regionName": "Seoul",
    "city": "Gangseo-gu",
    "zip": "077",
    "lat": 37.5438,
    "lon": 126.8538,
    "timezone": "Asia/Seoul",
    "isp": "Korea Telecom",
    "org": "Kornet",
    "as": "AS4766 Korea Telecom",
    "query": "14.34.37.32"
  },
  "175.201.195.240": {
    "status": "success",
    "country": "South Korea",
    "countryCode": "KR",
    "region": "47",
    "regionName": "Gyeongsangbuk-do",
    "city": "Sangju",
    "zip": "372",
    "lat": 36.4169,
    "lon": 128.1618,
    "timezone": "Asia/Seoul",
    "isp": "Korea Telecom",
    "org": "Kornet",
    "as": "AS4766 Korea Telecom",
    "query": "175.201.195.240"
  },
  "222.229.115.162": {
    "status": "success",
    "country": "Japan",
    "countryCode": "JP",
    "region": "23",
    "regionName": "Aichi",
    "city": "Chita",
    "zip": "478-0051",
    "lat": 34.9887,
    "lon": 136.8708,
    "timezone": "Asia/Tokyo",
    "isp": "MEDIAS",
    "org": "Chita Medias Network INC.",
    "as": "AS9354 Community Network Center Inc.",
    "query": "222.229.115.162"
  },
  "59.28.216.18": {
    "status": "success",
    "country": "South Korea",
    "countryCode": "KR",
    "region": "26",
    "regionName": "Busan",
    "city": "Suyeong-gu",
    "zip": "482",
    "lat": 35.1513,
    "lon": 129.1203,
    "timezone": "Asia/Seoul",
    "isp": "Korea Telecom",
    "org": "Kornet",
    "as": "AS4766 Korea Telecom",
    "query": "59.28.216.18"
  },
  "210.223.18.236": {
    "status": "success",
    "country": "South Korea",
    "countryCode": "KR",
    "region": "41",
    "regionName": "Gyeonggi-do",
    "city": "Hwaseong-si",
    "zip": "18261",
    "lat": 37.2072,
    "lon": 126.8168,
    "timezone": "Asia/Seoul",
    "isp": "Korea Telecom",
    "org": "Kornet",
    "as": "AS4766 Korea Telecom",
    "query": "210.223.18.236"
  },
  "211.205.56.227": {
    "status": "success",
    "country": "South Korea",
    "countryCode": "KR",
    "region": "29",
    "regionName": "Gwangju",
    "city": "Seo-gu",
    "zip": "619",
    "lat": 35.1644,
    "lon": 126.8546,
    "timezone": "Asia/Seoul",
    "isp": "SK Broadband Co Ltd",
    "org": "broadNnet",
    "as": "AS9318 SK Broadband Co Ltd",
    "query": "211.205.56.227"
  },
  "92.37.217.121": {
    "status": "success",
    "country": "Russia",
    "countryCode": "RU",
    "region": "KHA",
    "regionName": "Khabarovsk",
    "city": "Khabarovsk",
    "zip": "680000",
    "lat": 48.4817,
    "lon": 135.083,
    "timezone": "Asia/Vladivostok",
    "isp": "KHT RU",
    "org": "",
    "as": "AS12389 PJSC Rostelecom",
    "query": "92.37.217.121"
  },
  "221.141.192.112": {
    "status": "success",
    "country": "South Korea",
    "countryCode": "KR",
    "region": "41",
    "regionName": "Gyeonggi-do",
    "city": "Seongnam-si",
    "zip": "131",
    "lat": 37.4569,
    "lon": 127.1213,
    "timezone": "Asia/Seoul",
    "isp": "SK Broadband Co Ltd",
    "org": "SK Broadband Co Ltd",
    "as": "AS9318 SK Broadband Co Ltd",
    "query": "221.141.192.112"
  },
  "95.31.42.25": {
    "status": "success",
    "country": "Russia",
    "countryCode": "RU",
    "region": "MOW",
    "regionName": "Moscow",
    "city": "Moscow",
    "zip": "123154",
    "lat": 55.7487,
    "lon": 37.6187,
    "timezone": "Europe/Moscow",
    "isp": "PJSC \"Vimpelcom\"",
    "org": "CORBINA-BROADBAND",
    "as": "AS8402 PJSC \"Vimpelcom\"",
    "query": "95.31.42.25"
  },
  "219.100.37.110": {
    "status": "success",
    "country": "Japan",
    "countryCode": "JP",
    "region": "13",
    "regionName": "Tokyo",
    "city": "Chiyoda City",
    "zip": "100-8111",
    "lat": 35.6916,
    "lon": 139.768,
    "timezone": "Asia/Tokyo",
    "isp": "SoftEther",
    "org": "SoftEther Corporation",
    "as": "AS36599 SoftEther Telecommunication Research Institute, LLC",
    "query": "219.100.37.110"
  },
  "142.255.122.78": {
    "status": "success",
    "country": "United States",
    "countryCode": "US",
    "region": "NY",
    "regionName": "New York",
    "city": "Queens",
    "zip": "11411",
    "lat": 40.6892,
    "lon": -73.7431,
    "timezone": "America/New_York",
    "isp": "Charter Communications",
    "org": "Spectrum",
    "as": "AS12271 Charter Communications Inc",
    "query": "142.255.122.78"
  },
  "77.35.13.126": {
    "status": "success",
    "country": "Russia",
    "countryCode": "RU",
    "region": "PRI",
    "regionName": "Primorye",
    "city": "Vladivostok",
    "zip": "690000",
    "lat": 43.1068,
    "lon": 131.8692,
    "timezone": "Asia/Vladivostok",
    "isp": "PRIMORYE",
    "org": "",
    "as": "AS12389 PJSC Rostelecom",
    "query": "77.35.13.126"
  },
  "180.67.6.123": {
    "status": "success",
    "country": "South Korea",
    "countryCode": "KR",
    "region": "31",
    "regionName": "Ulsan",
    "city": "Dong-gu",
    "zip": "440",
    "lat": 35.5084,
    "lon": 129.4185,
    "timezone": "Asia/Seoul",
    "isp": "SK Broadband Co Ltd",
    "org": "broadNnet",
    "as": "AS9318 SK Broadband Co Ltd",
    "query": "180.67.6.123"
  },
  "14.186.49.153": {
    "status": "success",
    "country": "Vietnam",
    "countryCode": "VN",
    "region": "SG",
    "regionName": "Ho Chi Minh",
    "city": "Ho Chi Minh City",
    "zip": "700000",
    "lat": 10.822,
    "lon": 106.6257,
    "timezone": "Asia/Ho_Chi_Minh",
    "isp": "VNPT",
    "org": "Vietnam Posts and Telecommunications Group",
    "as": "AS45899 VNPT Corp",
    "query": "14.186.49.153"
  },
  "121.134.70.25": {
    "status": "success",
    "country": "South Korea",
    "countryCode": "KR",
    "region": "41",
    "regionName": "Gyeonggi-do",
    "city": "Areannamkwaengi",
    "zip": "17507",
    "lat": 37.0745,
    "lon": 127.3264,
    "timezone": "Asia/Seoul",
    "isp": "Korea Telecom",
    "org": "Kornet",
    "as": "AS4766 Korea Telecom",
    "query": "121.134.70.25"
  },
  "133.175.174.202": {
    "status": "success",
    "country": "Japan",
    "countryCode": "JP",
    "region": "13",
    "regionName": "Tokyo",
    "city": "Chuo",
    "zip": "103-0000",
    "lat": 35.6812,
    "lon": 139.774,
    "timezone": "Asia/Tokyo",
    "isp": "ARTERIA Networks Corporation",
    "org": "Toray Industries, Inc.",
    "as": "AS2519 ARTERIA Networks Corporation",
    "query": "133.175.174.202"
  },
  "122.41.96.24": {
    "status": "success",
    "country": "South Korea",
    "countryCode": "KR",
    "region": "11",
    "regionName": "Seoul",
    "city": "Yongsan-dong",
    "zip": "04371",
    "lat": 37.5379,
    "lon": 126.97,
    "timezone": "Asia/Seoul",
    "isp": "LG POWERCOMM",
    "org": "Xpeed",
    "as": "AS17858 LG POWERCOMM",
    "query": "122.41.96.24"
  },
  "221.170.25.47": {
    "status": "success",
    "country": "Japan",
    "countryCode": "JP",
    "region": "12",
    "regionName": "Chiba",
    "city": "Koganehara",
    "zip": "270-0021",
    "lat": 35.8159,
    "lon": 139.9364,
    "timezone": "Asia/Tokyo",
    "isp": "NEC BIGLOBE Ltd.",
    "org": "BIGLOBE",
    "as": "AS2518 BIGLOBE Inc.",
    "query": "221.170.25.47"
  },
  "14.54.185.213": {
    "status": "success",
    "country": "South Korea",
    "countryCode": "KR",
    "region": "42",
    "regionName": "Gangwon-do",
    "city": "Wŏnju",
    "zip": "264",
    "lat": 37.3468,
    "lon": 127.9424,
    "timezone": "Asia/Seoul",
    "isp": "Korea Telecom",
    "org": "Kornet",
    "as": "AS4766 Korea Telecom",
    "query": "14.54.185.213"
  },
  "126.110.175.35": {
    "status": "success",
    "country": "Japan",
    "countryCode": "JP",
    "region": "13",
    "regionName": "Tokyo",
    "city": "Minato-ku",
    "zip": "105-0012",
    "lat": 35.6552,
    "lon": 139.761,
    "timezone": "Asia/Tokyo",
    "isp": "SoftBank Corp.",
    "org": "SOFTBANK Corp",
    "as": "AS17676 SoftBank Corp.",
    "query": "126.110.175.35"
  },
  "42.114.29.218": {
    "status": "success",
    "country": "Vietnam",
    "countryCode": "VN",
    "region": "SG",
    "regionName": "Ho Chi Minh",
    "city": "Ho Chi Minh City",
    "zip": "700000",
    "lat": 10.822,
    "lon": 106.6257,
    "timezone": "Asia/Ho_Chi_Minh",
    "isp": "FPT Telecom Company",
    "org": "Vietnam Internet Network Information Center",
    "as": "AS18403 FPT Telecom Company",
    "query": "42.114.29.218"
  },
  "211.221.23.248": {
    "status": "success",
    "country": "South Korea",
    "countryCode": "KR",
    "region": "26",
    "regionName": "Busan",
    "city": "Nam-gu",
    "zip": "485",
    "lat": 35.1271,
    "lon": 129.1008,
    "timezone": "Asia/Seoul",
    "isp": "Korea Telecom",
    "org": "KORNET",
    "as": "AS4766 Korea Telecom",
    "query": "211.221.23.248"
  },
  "60.105.97.33": {
    "status": "success",
    "country": "Japan",
    "countryCode": "JP",
    "region": "13",
    "regionName": "Tokyo",
    "city": "Minato-ku",
    "zip": "104-0045",
    "lat": 35.6629,
    "lon": 139.761,
    "timezone": "Asia/Tokyo",
    "isp": "SoftBank Corp.",
    "org": "Japan Nation-wide Network of Softbank Corp.",
    "as": "AS17676 SoftBank Corp.",
    "query": "60.105.97.33"
  },
  "118.109.240.71": {
    "status": "success",
    "country": "Japan",
    "countryCode": "JP",
    "region": "13",
    "regionName": "Tokyo",
    "city": "Tokyo",
    "zip": "151-0071",
    "lat": 35.6837,
    "lon": 139.6805,
    "timezone": "Asia/Tokyo",
    "isp": "BIGLOBE Inc.",
    "org": "BIGLOBE",
    "as": "AS2518 BIGLOBE Inc.",
    "query": "118.109.240.71"
  },
  "124.153.232.169": {
    "status": "success",
    "country": "South Korea",
    "countryCode": "KR",
    "region": "48",
    "regionName": "Gyeongsangnam-do",
    "city": "Jinju",
    "zip": "526",
    "lat": 35.1684,
    "lon": 128.031,
    "timezone": "Asia/Seoul",
    "isp": "Seokyung Cable Television Co.. Ltd.",
    "org": "Scsnet",
    "as": "AS9694 Seokyung Cable Television Co.. Ltd.",
    "query": "124.153.232.169"
  },
  "221.155.150.165": {
    "status": "success",
    "country": "South Korea",
    "countryCode": "KR",
    "region": "41",
    "regionName": "Gyeonggi-do",
    "city": "Goyang-si",
    "zip": "103",
    "lat": 37.6792,
    "lon": 126.8183,
    "timezone": "Asia/Seoul",
    "isp": "Korea Telecom",
    "org": "Korea Telecom",
    "as": "AS4766 Korea Telecom",
    "query": "221.155.150.165"
  },
  "183.182.113.191": {
    "status": "success",
    "country": "Laos",
    "countryCode": "LA",
    "region": "XS",
    "regionName": "Xaisomboun",
    "city": "Ban Longchèng",
    "zip": "",
    "lat": 19.1096,
    "lon": 102.9183,
    "timezone": "Asia/Vientiane",
    "isp": "Star Telecom Company",
    "org": "UNITEL",
    "as": "AS131267 Star Telecom",
    "query": "183.182.113.191"
  },
  "123.48.51.25": {
    "status": "success",
    "country": "Japan",
    "countryCode": "JP",
    "region": "23",
    "regionName": "Aichi",
    "city": "Kasugai",
    "zip": "486-0831",
    "lat": 35.2547,
    "lon": 136.9837,
    "timezone": "Asia/Tokyo",
    "isp": "Chubu Telecommunications Company, Inc.",
    "org": "Chubu Telecommunications Co., Inc.",
    "as": "AS18126 Chubu Telecommunications Company, Inc.",
    "query": "123.48.51.25"
  },
  "42.113.73.43": {
    "status": "success",
    "country": "Vietnam",
    "countryCode": "VN",
    "region": "HN",
    "regionName": "Hanoi",
    "city": "Hanoi",
    "zip": "100000",
    "lat": 21.0184,
    "lon": 105.8461,
    "timezone": "Asia/Bangkok",
    "isp": "FPT Telecom Company",
    "org": "Vietnam Internet Network Information Center",
    "as": "AS18403 FPT Telecom Company",
    "query": "42.113.73.43"
  },
  "1.66.34.35": {
    "status": "success",
    "country": "Japan",
    "countryCode": "JP",
    "region": "13",
    "regionName": "Tokyo",
    "city": "Chiyoda City",
    "zip": "100-8111",
    "lat": 35.6916,
    "lon": 139.768,
    "timezone": "Asia/Tokyo",
    "isp": "NTT Docomo, inc.",
    "org": "NTTDoCoMo",
    "as": "AS9605 NTT DOCOMO, INC.",
    "query": "1.66.34.35"
  },
  "118.104.100.159": {
    "status": "success",
    "country": "Japan",
    "countryCode": "JP",
    "region": "23",
    "regionName": "Aichi",
    "city": "Toyohashi",
    "zip": "441-8011",
    "lat": 34.7525,
    "lon": 137.3722,
    "timezone": "Asia/Tokyo",
    "isp": "Chubu Telecommunications Company, Inc.",
    "org": "Chubu Telecommunications Co., Inc.",
    "as": "AS18126 Chubu Telecommunications Company, Inc.",
    "query": "118.104.100.159"
  },
  "49.164.67.73": {
    "status": "success",
    "country": "South Korea",
    "countryCode": "KR",
    "region": "11",
    "regionName": "Seoul",
    "city": "Nowon-gu",
    "zip": "017",
    "lat": 37.6537,
    "lon": 127.0717,
    "timezone": "Asia/Seoul",
    "isp": "LG POWERCOMM",
    "org": "LG POWERCOMM",
    "as": "AS17858 LG POWERCOMM",
    "query": "49.164.67.73"
  },
  "218.228.15.234": {
    "status": "success",
    "country": "Japan",
    "countryCode": "JP",
    "region": "24",
    "regionName": "Mie",
    "city": "Kumano",
    "zip": "519-4321",
    "lat": 33.9014,
    "lon": 136.1236,
    "timezone": "Asia/Tokyo",
    "isp": "ZTV CO., LTD",
    "org": "iTV Co, Ltd",
    "as": "AS9351 ZTV CO.,LTD",
    "query": "218.228.15.234"
  },
  "126.76.161.36": {
    "status": "success",
    "country": "Japan",
    "countryCode": "JP",
    "region": "13",
    "regionName": "Tokyo",
    "city": "Minato-ku",
    "zip": "105-0012",
    "lat": 35.6552,
    "lon": 139.761,
    "timezone": "Asia/Tokyo",
    "isp": "SoftBank Corp.",
    "org": "SOFTBANK Corp",
    "as": "AS17676 SoftBank Corp.",
    "query": "126.76.161.36"
  },
  "14.132.27.53": {
    "status": "success",
    "country": "Japan",
    "countryCode": "JP",
    "region": "23",
    "regionName": "Aichi",
    "city": "Komaki",
    "zip": "485-0041",
    "lat": 35.2853,
    "lon": 136.9125,
    "timezone": "Asia/Tokyo",
    "isp": "Chubu Telecommunications Company, Inc.",
    "org": "Chubu Telecommunications Co., Inc.",
    "as": "AS18126 Chubu Telecommunications Company, Inc.",
    "query": "14.132.27.53"
  },
  "60.62.142.107": {
    "status": "success",
    "country": "Japan",
    "countryCode": "JP",
    "region": "12",
    "regionName": "Chiba",
    "city": "Urayasu",
    "zip": "279-0011",
    "lat": 35.6481,
    "lon": 139.9115,
    "timezone": "Asia/Tokyo",
    "isp": "JCOM Co., Ltd.",
    "org": "Jupiter Telecommunication Co. Ltd",
    "as": "AS9824 JCOM Co., Ltd.",
    "query": "60.62.142.107"
  },
  "150.246.178.236": {
    "status": "success",
    "country": "Japan",
    "countryCode": "JP",
    "region": "08",
    "regionName": "Ibaraki",
    "city": "Tsukuba",
    "zip": "305-0021",
    "lat": 36.096,
    "lon": 140.1503,
    "timezone": "Asia/Tokyo",
    "isp": "Sony Network Communications Inc.",
    "org": "Sony Network Communications Inc.",
    "as": "AS2527 Sony Network Communications Inc.",
    "query": "150.246.178.236"
  },
  "94.19.187.253": {
    "status": "success",
    "country": "Russia",
    "countryCode": "RU",
    "region": "SPE",
    "regionName": "St.-Petersburg",
    "city": "St Petersburg",
    "zip": "190990",
    "lat": 59.8983,
    "lon": 30.2618,
    "timezone": "Europe/Moscow",
    "isp": "SkyNet LLC",
    "org": "SkyNet Networks",
    "as": "AS35807 SkyNet Ltd.",
    "query": "94.19.187.253"
  },
  "187.189.217.52": {
    "status": "success",
    "country": "Mexico",
    "countryCode": "MX",
    "region": "VER",
    "regionName": "Veracruz",
    "city": "Xalapa",
    "zip": "91120",
    "lat": 19.54,
    "lon": -96.8891,
    "timezone": "America/Mexico_City",
    "isp": "Total Play Telecomunicaciones SA De CV",
    "org": "Total Play Telecomunicaciones SA De CV",
    "as": "AS17072 TOTAL PLAY TELECOMUNICACIONES SA DE CV",
    "query": "187.189.217.52"
  },
  "118.104.253.21": {
    "status": "success",
    "country": "Japan",
    "countryCode": "JP",
    "region": "24",
    "regionName": "Mie",
    "city": "Suzuka",
    "zip": "513-0801",
    "lat": 34.8853,
    "lon": 136.5796,
    "timezone": "Asia/Tokyo",
    "isp": "Chubu Telecommunications Company, Inc.",
    "org": "Chubu Telecommunications Co., Inc.",
    "as": "AS18126 Chubu Telecommunications Company, Inc.",
    "query": "118.104.253.21"
  },
  "60.105.128.211": {
    "status": "success",
    "country": "Japan",
    "countryCode": "JP",
    "region": "13",
    "regionName": "Tokyo",
    "city": "Minato-ku",
    "zip": "104-0045",
    "lat": 35.6629,
    "lon": 139.761,
    "timezone": "Asia/Tokyo",
    "isp": "SoftBank Corp.",
    "org": "Japan Nation-wide Network of Softbank Corp.",
    "as": "AS17676 SoftBank Corp.",
    "query": "60.105.128.211"
  },
  "180.198.223.175": {
    "status": "success",
    "country": "Japan",
    "countryCode": "JP",
    "region": "21",
    "regionName": "Gifu",
    "city": "Gifu",
    "zip": "500-8821",
    "lat": 35.4256,
    "lon": 136.7614,
    "timezone": "Asia/Tokyo",
    "isp": "Chubu Telecommunications Company, Inc.",
    "org": "Chubu Telecommunications Co., Inc.",
    "as": "AS18126 Chubu Telecommunications Company, Inc.",
    "query": "180.198.223.175"
  },
  "218.146.210.118": {
    "status": "success",
    "country": "South Korea",
    "countryCode": "KR",
    "region": "48",
    "regionName": "Gyeongsangnam-do",
    "city": "Changwon",
    "zip": "512",
    "lat": 35.2538,
    "lon": 128.5944,
    "timezone": "Asia/Seoul",
    "isp": "Korea Telecom",
    "org": "Kornet",
    "as": "AS4766 Korea Telecom",
    "query": "218.146.210.118"
  },
  "183.81.60.93": {
    "status": "success",
    "country": "Vietnam",
    "countryCode": "VN",
    "region": "SG",
    "regionName": "Ho Chi Minh",
    "city": "Ho Chi Minh City",
    "zip": "700000",
    "lat": 10.822,
    "lon": 106.6257,
    "timezone": "Asia/Ho_Chi_Minh",
    "isp": "FPT Telecom Company",
    "org": "Vietnam Internet Network Information Center",
    "as": "AS18403 FPT Telecom Company",
    "query": "183.81.60.93"
  },
  "78.3.8.220": {
    "status": "success",
    "country": "Croatia",
    "countryCode": "HR",
    "region": "21",
    "regionName": "City of Zagreb",
    "city": "Zagreb",
    "zip": "10000",
    "lat": 45.8293,
    "lon": 15.9793,
    "timezone": "Europe/Zagreb",
    "isp": "Hrvatski Telekom d.d",
    "org": "",
    "as": "AS5391 Hrvatski Telekom d.d.",
    "query": "78.3.8.220"
  },
  "59.169.230.205": {
    "status": "success",
    "country": "Japan",
    "countryCode": "JP",
    "region": "01",
    "regionName": "Hokkaido",
    "city": "Sapporo",
    "zip": "065-0011",
    "lat": 43.0763,
    "lon": 141.3654,
    "timezone": "Asia/Tokyo",
    "isp": "JCOM Co., Ltd.",
    "org": "JCOM Co., Ltd",
    "as": "AS9824 JCOM Co., Ltd.",
    "query": "59.169.230.205"
  },
  "49.49.217.81": {
    "status": "success",
    "country": "Thailand",
    "countryCode": "TH",
    "region": "10",
    "regionName": "Bangkok",
    "city": "Bangkok",
    "zip": "10310",
    "lat": 13.7749,
    "lon": 100.5197,
    "timezone": "Asia/Bangkok",
    "isp": "Triple T Broadband Public Company Limited",
    "org": "Triple T Broadband Public Company Limited",
    "as": "AS45758 Triple T Broadband Public Company Limited",
    "query": "49.49.217.81"
  },
  "119.105.93.237": {
    "status": "success",
    "country": "Japan",
    "countryCode": "JP",
    "region": "14",
    "regionName": "Kanagawa",
    "city": "Shimokodanaka",
    "zip": "211-0041",
    "lat": 35.5715,
    "lon": 139.6438,
    "timezone": "Asia/Tokyo",
    "isp": "DION (KDDI CORPORATION)",
    "org": "KDDI",
    "as": "AS2516 KDDI CORPORATION",
    "query": "119.105.93.237"
  },
  "220.147.110.45": {
    "status": "success",
    "country": "Japan",
    "countryCode": "JP",
    "region": "27",
    "regionName": "Osaka",
    "city": "Osaka",
    "zip": "550-0001",
    "lat": 34.6892,
    "lon": 135.4899,
    "timezone": "Asia/Tokyo",
    "isp": "ARTERIA Networks Corporation",
    "org": "ARTERIA Networks Corporation",
    "as": "AS2519 ARTERIA Networks Corporation",
    "query": "220.147.110.45"
  },
  "121.185.87.245": {
    "status": "success",
    "country": "South Korea",
    "countryCode": "KR",
    "region": "44",
    "regionName": "Chungcheongnam-do",
    "city": "Cheonan",
    "zip": "311",
    "lat": 36.8151,
    "lon": 127.0944,
    "timezone": "Asia/Seoul",
    "isp": "Korea Telecom",
    "org": "Korea Telecom",
    "as": "AS4766 Korea Telecom",
    "query": "121.185.87.245"
  },
  "14.33.133.125": {
    "status": "success",
    "country": "South Korea",
    "countryCode": "KR",
    "region": "41",
    "regionName": "Gyeonggi-do",
    "city": "Hwaseong-si",
    "zip": "18261",
    "lat": 37.2072,
    "lon": 126.8168,
    "timezone": "Asia/Seoul",
    "isp": "Korea Telecom",
    "org": "Kornet",
    "as": "AS4766 Korea Telecom",
    "query": "14.33.133.125"
  },
  "90.157.78.186": {
    "status": "success",
    "country": "Russia",
    "countryCode": "RU",
    "region": "SVE",
    "regionName": "Sverdlovsk Oblast",
    "city": "Yekaterinburg",
    "zip": "620000",
    "lat": 56.8431,
    "lon": 60.6454,
    "timezone": "Asia/Yekaterinburg",
    "isp": "LLC \"KomTehCentr\"",
    "org": "LLC KOMTEHCENTR FTTB Customers",
    "as": "AS12668 LLC \"KomTehCentr\"",
    "query": "90.157.78.186"
  },
  "222.117.115.220": {
    "status": "success",
    "country": "South Korea",
    "countryCode": "KR",
    "region": "41",
    "regionName": "Gyeonggi-do",
    "city": "Seongnam-si",
    "zip": "131",
    "lat": 37.4569,
    "lon": 127.1213,
    "timezone": "Asia/Seoul",
    "isp": "Korea Telecom",
    "org": "Korea Telecom",
    "as": "AS4766 Korea Telecom",
    "query": "222.117.115.220"
  },
  "112.187.49.134": {
    "status": "success",
    "country": "South Korea",
    "countryCode": "KR",
    "region": "29",
    "regionName": "Gwangju",
    "city": "Gwangsan-gu",
    "zip": "623",
    "lat": 35.1566,
    "lon": 126.8036,
    "timezone": "Asia/Seoul",
    "isp": "Korea Telecom",
    "org": "Kornet",
    "as": "AS4766 Korea Telecom",
    "query": "112.187.49.134"
  },
  "14.224.247.67": {
    "status": "success",
    "country": "Vietnam",
    "countryCode": "VN",
    "region": "HN",
    "regionName": "Hanoi",
    "city": "Hanoi",
    "zip": "",
    "lat": 21.0278,
    "lon": 105.834,
    "timezone": "Asia/Bangkok",
    "isp": "VNPT",
    "org": "Vietnam Posts and Telecommunications Group",
    "as": "AS45899 VNPT Corp",
    "query": "14.224.247.67"
  },
  "125.141.98.178": {
    "status": "success",
    "country": "South Korea",
    "countryCode": "KR",
    "region": "11",
    "regionName": "Seoul",
    "city": "Gwanak-gu",
    "zip": "087",
    "lat": 37.4873,
    "lon": 126.9227,
    "timezone": "Asia/Seoul",
    "isp": "Korea Telecom",
    "org": "",
    "as": "AS4766 Korea Telecom",
    "query": "125.141.98.178"
  },
  "176.107.102.45": {
    "status": "success",
    "country": "Russia",
    "countryCode": "RU",
    "region": "BEL",
    "regionName": "Belgorod Oblast",
    "city": "Stary Oskol",
    "zip": "309501",
    "lat": 51.2876,
    "lon": 37.8222,
    "timezone": "Europe/Moscow",
    "isp": "Uzel Svyazy Ltd",
    "org": "SVYAZ",
    "as": "AS57741 Uzel Svyazy Ltd",
    "query": "176.107.102.45"
  },
  "116.126.1.235": {
    "status": "success",
    "country": "South Korea",
    "countryCode": "KR",
    "region": "11",
    "regionName": "Seoul",
    "city": "Seoul",
    "zip": "04524",
    "lat": 37.5658,
    "lon": 126.978,
    "timezone": "Asia/Seoul",
    "isp": "SK Broadband Co Ltd",
    "org": "broadNnet",
    "as": "AS9318 SK Broadband Co Ltd",
    "query": "116.126.1.235"
  },
  "121.130.89.23": {
    "status": "success",
    "country": "South Korea",
    "countryCode": "KR",
    "region": "11",
    "regionName": "Seoul",
    "city": "Seongdong-gu",
    "zip": "047",
    "lat": 37.5445,
    "lon": 127.0385,
    "timezone": "Asia/Seoul",
    "isp": "Korea Telecom",
    "org": "jusighwyeusa keitisudogwongogaegsenteo",
    "as": "AS4766 Korea Telecom",
    "query": "121.130.89.23"
  },
  "61.109.38.148": {
    "status": "success",
    "country": "South Korea",
    "countryCode": "KR",
    "region": "41",
    "regionName": "Gyeonggi-do",
    "city": "Ansan-si",
    "zip": "153",
    "lat": 37.3253,
    "lon": 126.8178,
    "timezone": "Asia/Seoul",
    "isp": "SK Broadband Co Ltd",
    "org": "broadNnet",
    "as": "AS17864 SK Broadband Co Ltd",
    "query": "61.109.38.148"
  },
  "5.167.226.68": {
    "status": "success",
    "country": "Russia",
    "countryCode": "RU",
    "region": "SVE",
    "regionName": "Sverdlovsk Oblast",
    "city": "Yekaterinburg",
    "zip": "620000",
    "lat": 56.8469,
    "lon": 60.6137,
    "timezone": "Asia/Yekaterinburg",
    "isp": "JSC \"ER-Telecom Holding\" Yekaterinburg branch",
    "org": "CJSC \"ER-Telecom Holding\" Yekaterinburg Branch",
    "as": "AS51604 JSC \"ER-Telecom Holding\"",
    "query": "5.167.226.68"
  },
  "175.193.251.161": {
    "status": "success",
    "country": "South Korea",
    "countryCode": "KR",
    "region": "11",
    "regionName": "Seoul",
    "city": "Seoul",
    "zip": "04524",
    "lat": 37.5658,
    "lon": 126.978,
    "timezone": "Asia/Seoul",
    "isp": "Korea Telecom",
    "org": "Kornet",
    "as": "AS4766 Korea Telecom",
    "query": "175.193.251.161"
  },
  "220.93.30.33": {
    "status": "success",
    "country": "South Korea",
    "countryCode": "KR",
    "region": "11",
    "regionName": "Seoul",
    "city": "Dobong-gu",
    "zip": "014",
    "lat": 37.639,
    "lon": 127.034,
    "timezone": "Asia/Seoul",
    "isp": "Korea Telecom",
    "org": "Korea Telecom",
    "as": "AS4766 Korea Telecom",
    "query": "220.93.30.33"
  },
  "114.200.230.80": {
    "status": "success",
    "country": "South Korea",
    "countryCode": "KR",
    "region": "27",
    "regionName": "Daegu",
    "city": "Daegu",
    "zip": "41934",
    "lat": 35.8723,
    "lon": 128.5924,
    "timezone": "Asia/Seoul",
    "isp": "SK Broadband Co Ltd",
    "org": "broadNnet",
    "as": "AS9318 SK Broadband Co Ltd",
    "query": "114.200.230.80"
  },
  "49.250.23.187": {
    "status": "success",
    "country": "Japan",
    "countryCode": "JP",
    "region": "28",
    "regionName": "Hyōgo",
    "city": "Morikitamachi",
    "zip": "658-0001",
    "lat": 34.73,
    "lon": 135.2911,
    "timezone": "Asia/Tokyo",
    "isp": "JCOM",
    "org": "Jupiter Telecommunications Co., Ltd.",
    "as": "AS9617 JCOM Co., Ltd.",
    "query": "49.250.23.187"
  },
  "70.187.167.138": {
    "status": "success",
    "country": "United States",
    "countryCode": "US",
    "region": "CA",
    "regionName": "California",
    "city": "Rancho Palos Verdes",
    "zip": "90275",
    "lat": 33.7445,
    "lon": -118.387,
    "timezone": "America/Los_Angeles",
    "isp": "Cox Communications Inc.",
    "org": "Cox Communications",
    "as": "AS22773 Cox Communications Inc.",
    "query": "70.187.167.138"
  },
  "24.164.156.236": {
    "status": "success",
    "country": "United States",
    "countryCode": "US",
    "region": "NY",
    "regionName": "New York",
    "city": "Staten Island",
    "zip": "10306",
    "lat": 40.5678,
    "lon": -74.1181,
    "timezone": "America/New_York",
    "isp": "Charter Communications",
    "org": "Spectrum",
    "as": "AS12271 Charter Communications Inc",
    "query": "24.164.156.236"
  },
  "119.240.154.27": {
    "status": "success",
    "country": "Japan",
    "countryCode": "JP",
    "region": "14",
    "regionName": "Kanagawa",
    "city": "Yokohama",
    "zip": "231-0841",
    "lat": 35.4337,
    "lon": 139.6499,
    "timezone": "Asia/Tokyo",
    "isp": "BIGLOBE Inc.",
    "org": "BIGLOBE",
    "as": "AS2518 BIGLOBE Inc.",
    "query": "119.240.154.27"
  },
  "119.231.97.79": {
    "status": "success",
    "country": "Japan",
    "countryCode": "JP",
    "region": "27",
    "regionName": "Osaka",
    "city": "Hirakata",
    "zip": "573-0011",
    "lat": 34.8052,
    "lon": 135.6689,
    "timezone": "Asia/Tokyo",
    "isp": "OPTAGE Inc.",
    "org": "K-Opticom Corporation",
    "as": "AS17511 OPTAGE Inc.",
    "query": "119.231.97.79"
  },
  "94.51.220.211": {
    "status": "success",
    "country": "Russia",
    "countryCode": "RU",
    "region": "PER",
    "regionName": "Perm Krai",
    "city": "Perm",
    "zip": "614000",
    "lat": 58.0047,
    "lon": 56.2514,
    "timezone": "Asia/Yekaterinburg",
    "isp": "OJSC Uralsvyazinform",
    "org": "Dynamic distribution IPs for broadband services",
    "as": "AS12389 PJSC Rostelecom",
    "query": "94.51.220.211"
  },
  "111.217.106.162": {
    "status": "success",
    "country": "Japan",
    "countryCode": "JP",
    "region": "23",
    "regionName": "Aichi",
    "city": "Nagoya",
    "zip": "462-0841",
    "lat": 35.1926,
    "lon": 136.906,
    "timezone": "Asia/Tokyo",
    "isp": "Sony Network Communications Inc.",
    "org": "Sony Network Communications Inc.",
    "as": "AS2527 Sony Network Communications Inc.",
    "query": "111.217.106.162"
  },
  "113.155.193.199": {
    "status": "success",
    "country": "Japan",
    "countryCode": "JP",
    "region": "23",
    "regionName": "Aichi",
    "city": "Nishio",
    "zip": "445-0861",
    "lat": 34.8642,
    "lon": 137.0466,
    "timezone": "Asia/Tokyo",
    "isp": "Chubu Telecommunications Company, Inc.",
    "org": "Chubu Telecommunications Co., Inc.",
    "as": "AS18126 Chubu Telecommunications Company, Inc.",
    "query": "113.155.193.199"
  },
  "115.38.31.202": {
    "status": "success",
    "country": "Japan",
    "countryCode": "JP",
    "region": "20",
    "regionName": "Nagano",
    "city": "Nagano",
    "zip": "380-0941",
    "lat": 36.63,
    "lon": 138.1795,
    "timezone": "Asia/Tokyo",
    "isp": "Chubu Telecommunications Company, Inc.",
    "org": "Chubu Telecommunications Co., Inc.",
    "as": "AS18126 Chubu Telecommunications Company, Inc.",
    "query": "115.38.31.202"
  },
  "119.175.157.155": {
    "status": "success",
    "country": "Japan",
    "countryCode": "JP",
    "region": "13",
    "regionName": "Tokyo",
    "city": "Funabashi",
    "zip": "156-0051",
    "lat": 35.6532,
    "lon": 139.6416,
    "timezone": "Asia/Tokyo",
    "isp": "JCOM Co., Ltd.",
    "org": "JCOM Co., Ltd",
    "as": "AS9824 JCOM Co., Ltd.",
    "query": "119.175.157.155"
  },
  "120.75.146.85": {
    "status": "success",
    "country": "Japan",
    "countryCode": "JP",
    "region": "01",
    "regionName": "Hokkaido",
    "city": "Sapporo",
    "zip": "064-0811",
    "lat": 43.0456,
    "lon": 141.3522,
    "timezone": "Asia/Tokyo",
    "isp": "Sony Network Communications Inc.",
    "org": "Sony Network Communications Inc.",
    "as": "AS2527 Sony Network Communications Inc.",
    "query": "120.75.146.85"
  },
  "121.103.202.8": {
    "status": "success",
    "country": "Japan",
    "countryCode": "JP",
    "region": "13",
    "regionName": "Tokyo",
    "city": "Kamiochiai",
    "zip": "161-0031",
    "lat": 35.723,
    "lon": 139.6748,
    "timezone": "Asia/Tokyo",
    "isp": "Sony Network Communications Inc.",
    "org": "Sony Network Communications Inc.",
    "as": "AS2527 Sony Network Communications Inc.",
    "query": "121.103.202.8"
  },
  "121.109.41.153": {
    "status": "success",
    "country": "Japan",
    "countryCode": "JP",
    "region": "47",
    "regionName": "Okinawa",
    "city": "Naha",
    "zip": "900-0021",
    "lat": 26.2124,
    "lon": 127.6757,
    "timezone": "Asia/Tokyo",
    "isp": "DION (KDDI CORPORATION)",
    "org": "KDDI",
    "as": "AS2516 KDDI CORPORATION",
    "query": "121.109.41.153"
  },
  "121.80.238.187": {
    "status": "success",
    "country": "Japan",
    "countryCode": "JP",
    "region": "27",
    "regionName": "Osaka",
    "city": "Sakai",
    "zip": "590-0061",
    "lat": 34.5742,
    "lon": 135.4777,
    "timezone": "Asia/Tokyo",
    "isp": "OPTAGE Inc.",
    "org": "K-Opticom Corporation",
    "as": "AS17511 OPTAGE Inc.",
    "query": "121.80.238.187"
  },
  "124.18.1.112": {
    "status": "success",
    "country": "Japan",
    "countryCode": "JP",
    "region": "23",
    "regionName": "Aichi",
    "city": "Nagoya",
    "zip": "462-0841",
    "lat": 35.1926,
    "lon": 136.906,
    "timezone": "Asia/Tokyo",
    "isp": "Chubu Telecommunications Company, Inc.",
    "org": "Chubu Telecommunications Co., Inc.",
    "as": "AS18126 Chubu Telecommunications Company, Inc.",
    "query": "124.18.1.112"
  },
  "124.214.80.202": {
    "status": "success",
    "country": "Japan",
    "countryCode": "JP",
    "region": "44",
    "regionName": "Oita",
    "city": "Ōita",
    "zip": "870-0811",
    "lat": 33.2337,
    "lon": 131.5928,
    "timezone": "Asia/Tokyo",
    "isp": "DION (KDDI CORPORATION)",
    "org": "KDDI",
    "as": "AS2516 KDDI CORPORATION",
    "query": "124.214.80.202"
  },
  "126.206.146.218": {
    "status": "success",
    "country": "Japan",
    "countryCode": "JP",
    "region": "13",
    "regionName": "Tokyo",
    "city": "Minato",
    "zip": "105-0012",
    "lat": 35.6552,
    "lon": 139.761,
    "timezone": "Asia/Tokyo",
    "isp": "SoftBank Corp.",
    "org": "SOFTBANK Corp",
    "as": "AS17676 SoftBank Corp.",
    "query": "126.206.146.218"
  },
  "126.227.110.1": {
    "status": "success",
    "country": "Japan",
    "countryCode": "JP",
    "region": "13",
    "regionName": "Tokyo",
    "city": "Minato",
    "zip": "105-0012",
    "lat": 35.6552,
    "lon": 139.761,
    "timezone": "Asia/Tokyo",
    "isp": "SoftBank Corp.",
    "org": "SOFTBANK Corp",
    "as": "AS17676 SoftBank Corp.",
    "query": "126.227.110.1"
  },
  "126.65.165.218": {
    "status": "success",
    "country": "Japan",
    "countryCode": "JP",
    "region": "13",
    "regionName": "Tokyo",
    "city": "Minato-ku",
    "zip": "105-0012",
    "lat": 35.6552,
    "lon": 139.761,
    "timezone": "Asia/Tokyo",
    "isp": "SoftBank Corp.",
    "org": "SOFTBANK Corp",
    "as": "AS17676 SoftBank Corp.",
    "query": "126.65.165.218"
  },
  "133.155.185.191": {
    "status": "success",
    "country": "Japan",
    "countryCode": "JP",
    "region": "28",
    "regionName": "Hyōgo",
    "city": "Nishinomiya",
    "zip": "662-0931",
    "lat": 34.7221,
    "lon": 135.3254,
    "timezone": "Asia/Tokyo",
    "isp": "ITEC HANKYU HANSHIN CO., LTD.",
    "org": "ITEC Hankyu Hanshin Co., Ltd.",
    "as": "AS7524 ITEC HANKYU HANSHIN CO.,LTD.",
    "query": "133.155.185.191"
  },
  "133.175.239.30": {
    "status": "success",
    "country": "Japan",
    "countryCode": "JP",
    "region": "11",
    "regionName": "Saitama",
    "city": "Sayama",
    "zip": "350-1331",
    "lat": 35.862,
    "lon": 139.4223,
    "timezone": "Asia/Tokyo",
    "isp": "ARTERIA Networks Corporation",
    "org": "Toray Industries, Inc.",
    "as": "AS2519 ARTERIA Networks Corporation",
    "query": "133.175.239.30"
  },
  "14.12.164.96": {
    "status": "success",
    "country": "Japan",
    "countryCode": "JP",
    "region": "46",
    "regionName": "Kagoshima",
    "city": "Kagoshima",
    "zip": "890-0061",
    "lat": 31.5759,
    "lon": 130.5619,
    "timezone": "Asia/Tokyo",
    "isp": "Kddi Corporation",
    "org": "KDDI",
    "as": "AS2516 KDDI CORPORATION",
    "query": "14.12.164.96"
  },
  "14.3.168.246": {
    "status": "success",
    "country": "Japan",
    "countryCode": "JP",
    "region": "14",
    "regionName": "Kanagawa",
    "city": "Yokohama",
    "zip": "231-0021",
    "lat": 35.4482,
    "lon": 139.6463,
    "timezone": "Asia/Tokyo",
    "isp": "ASAHI Net, Inc.",
    "org": "ASAHI",
    "as": "AS4685 Asahi Net",
    "query": "14.3.168.246"
  },
  "153.136.167.26": {
    "status": "success",
    "country": "Japan",
    "countryCode": "JP",
    "region": "43",
    "regionName": "Kumamoto",
    "city": "Kumamoto",
    "zip": "860-0011",
    "lat": 32.7959,
    "lon": 130.7065,
    "timezone": "Asia/Tokyo",
    "isp": "NTT Communications Corporation",
    "org": "Open Computer Network",
    "as": "AS4713 NTT Communications Corporation",
    "query": "153.136.167.26"
  },
  "157.120.13.45": {
    "status": "success",
    "country": "Japan",
    "countryCode": "JP",
    "region": "13",
    "regionName": "Tokyo",
    "city": "Minato",
    "zip": "206-0042",
    "lat": 35.6673,
    "lon": 139.751,
    "timezone": "Asia/Tokyo",
    "isp": "NTT PC Communications, Inc.",
    "org": "NTT PC Communications, Inc.",
    "as": "AS2514 NTT PC Communications, Inc.",
    "query": "157.120.13.45"
  },
  "157.120.80.147": {
    "status": "success",
    "country": "Japan",
    "countryCode": "JP",
    "region": "47",
    "regionName": "Okinawa",
    "city": "Okinawa",
    "zip": "904-0011",
    "lat": 26.3317,
    "lon": 127.813,
    "timezone": "Asia/Tokyo",
    "isp": "Okinawa Telecommunication Network Co., Inc",
    "org": "Okinawa Telecommunication Network Co., Inc",
    "as": "AS9621 Okinawa Telecommunication Network Co.,Inc",
    "query": "157.120.80.147"
  },
  "193.114.25.83": {
    "status": "success",
    "country": "Japan",
    "countryCode": "JP",
    "region": "15",
    "regionName": "Niigata",
    "city": "Nagaoka",
    "zip": "940-0071",
    "lat": 37.4506,
    "lon": 138.858,
    "timezone": "Asia/Tokyo",
    "isp": "NCT Co., ltd.",
    "org": "NCT",
    "as": "AS59126 NCT CO.,LTD.",
    "query": "193.114.25.83"
  },
  "211.2.56.29": {
    "status": "success",
    "country": "Japan",
    "countryCode": "JP",
    "region": "12",
    "regionName": "Chiba",
    "city": "Chiba",
    "zip": "260-0021",
    "lat": 35.6029,
    "lon": 140.1187,
    "timezone": "Asia/Tokyo",
    "isp": "Sony Network Communications Inc.",
    "org": "Japan Network Information Center",
    "as": "AS2527 Sony Network Communications Inc.",
    "query": "211.2.56.29"
  },
  "219.100.37.100": {
    "status": "success",
    "country": "Japan",
    "countryCode": "JP",
    "region": "13",
    "regionName": "Tokyo",
    "city": "Chiyoda City",
    "zip": "100-8111",
    "lat": 35.6916,
    "lon": 139.768,
    "timezone": "Asia/Tokyo",
    "isp": "SoftEther",
    "org": "SoftEther Corporation",
    "as": "AS36599 SoftEther Telecommunication Research Institute, LLC",
    "query": "219.100.37.100"
  },
  "219.100.37.117": {
    "status": "success",
    "country": "Japan",
    "countryCode": "JP",
    "region": "13",
    "regionName": "Tokyo",
    "city": "Chiyoda City",
    "zip": "100-8111",
    "lat": 35.6916,
    "lon": 139.768,
    "timezone": "Asia/Tokyo",
    "isp": "SoftEther",
    "org": "SoftEther Corporation",
    "as": "AS36599 SoftEther Telecommunication Research Institute, LLC",
    "query": "219.100.37.117"
  },
  "219.100.37.119": {
    "status": "success",
    "country": "Japan",
    "countryCode": "JP",
    "region": "13",
    "regionName": "Tokyo",
    "city": "Chiyoda City",
    "zip": "100-8111",
    "lat": 35.6916,
    "lon": 139.768,
    "timezone": "Asia/Tokyo",
    "isp": "SoftEther",
    "org": "SoftEther Corporation",
    "as": "AS36599 SoftEther Telecommunication Research Institute, LLC",
    "query": "219.100.37.119"
  },
  "219.100.37.125": {
    "status": "success",
    "country": "Japan",
    "countryCode": "JP",
    "region": "13",
    "regionName": "Tokyo",
    "city": "Chiyoda City",
    "zip": "100-8111",
    "lat": 35.6916,
    "lon": 139.768,
    "timezone": "Asia/Tokyo",
    "isp": "SoftEther",
    "org": "SoftEther Corporation",
    "as": "AS36599 SoftEther Telecommunication Research Institute, LLC",
    "query": "219.100.37.125"
  },
  "219.100.37.13": {
    "status": "success",
    "country": "Japan",
    "countryCode": "JP",
    "region": "13",
    "regionName": "Tokyo",
    "city": "Chiyoda City",
    "zip": "100-8111",
    "lat": 35.6916,
    "lon": 139.768,
    "timezone": "Asia/Tokyo",
    "isp": "SoftEther",
    "org": "SoftEther Corporation",
    "as": "AS36599 SoftEther Telecommunication Research Institute, LLC",
    "query": "219.100.37.13"
  },
  "219.100.37.163": {
    "status": "success",
    "country": "Japan",
    "countryCode": "JP",
    "region": "13",
    "regionName": "Tokyo",
    "city": "Chiyoda City",
    "zip": "100-8111",
    "lat": 35.6916,
    "lon": 139.768,
    "timezone": "Asia/Tokyo",
    "isp": "SoftEther",
    "org": "SoftEther Corporation",
    "as": "AS36599 SoftEther Telecommunication Research Institute, LLC",
    "query": "219.100.37.163"
  },
  "219.100.37.176": {
    "status": "success",
    "country": "Japan",
    "countryCode": "JP",
    "region": "13",
    "regionName": "Tokyo",
    "city": "Chiyoda City",
    "zip": "100-8111",
    "lat": 35.6916,
    "lon": 139.768,
    "timezone": "Asia/Tokyo",
    "isp": "SoftEther",
    "org": "SoftEther Corporation",
    "as": "AS36599 SoftEther Telecommunication Research Institute, LLC",
    "query": "219.100.37.176"
  },
  "219.100.37.209": {
    "status": "success",
    "country": "Japan",
    "countryCode": "JP",
    "region": "13",
    "regionName": "Tokyo",
    "city": "Chiyoda City",
    "zip": "100-8111",
    "lat": 35.6916,
    "lon": 139.768,
    "timezone": "Asia/Tokyo",
    "isp": "SoftEther",
    "org": "SoftEther Corporation",
    "as": "AS36599 SoftEther Telecommunication Research Institute, LLC",
    "query": "219.100.37.209"
  },
  "219.100.37.31": {
    "status": "success",
    "country": "Japan",
    "countryCode": "JP",
    "region": "13",
    "regionName": "Tokyo",
    "city": "Chiyoda City",
    "zip": "100-8111",
    "lat": 35.6916,
    "lon": 139.768,
    "timezone": "Asia/Tokyo",
    "isp": "SoftEther",
    "org": "SoftEther Corporation",
    "as": "AS36599 SoftEther Telecommunication Research Institute, LLC",
    "query": "219.100.37.31"
  },
  "219.100.37.81": {
    "status": "success",
    "country": "Japan",
    "countryCode": "JP",
    "region": "13",
    "regionName": "Tokyo",
    "city": "Chiyoda City",
    "zip": "100-8111",
    "lat": 35.6916,
    "lon": 139.768,
    "timezone": "Asia/Tokyo",
    "isp": "SoftEther",
    "org": "SoftEther Corporation",
    "as": "AS36599 SoftEther Telecommunication Research Institute, LLC",
    "query": "219.100.37.81"
  },
  "219.100.37.94": {
    "status": "success",
    "country": "Japan",
    "countryCode": "JP",
    "region": "13",
    "regionName": "Tokyo",
    "city": "Chiyoda City",
    "zip": "100-8111",
    "lat": 35.6916,
    "lon": 139.768,
    "timezone": "Asia/Tokyo",
    "isp": "SoftEther",
    "org": "SoftEther Corporation",
    "as": "AS36599 SoftEther Telecommunication Research Institute, LLC",
    "query": "219.100.37.94"
  },
  "219.100.37.98": {
    "status": "success",
    "country": "Japan",
    "countryCode": "JP",
    "region": "13",
    "regionName": "Tokyo",
    "city": "Chiyoda City",
    "zip": "100-8111",
    "lat": 35.6916,
    "lon": 139.768,
    "timezone": "Asia/Tokyo",
    "isp": "SoftEther",
    "org": "SoftEther Corporation",
    "as": "AS36599 SoftEther Telecommunication Research Institute, LLC",
    "query": "219.100.37.98"
  },
  "223.217.197.31": {
    "status": "success",
    "country": "Japan",
    "countryCode": "JP",
    "region": "11",
    "regionName": "Saitama",
    "city": "Amanumachō",
    "zip": "330-0831",
    "lat": 35.907,
    "lon": 139.6438,
    "timezone": "Asia/Tokyo",
    "isp": "NTT Communications Corporation",
    "org": "NTT Communications Corporation",
    "as": "AS4713 NTT Communications Corporation",
    "query": "223.217.197.31"
  },
  "27.84.177.35": {
    "status": "success",
    "country": "Japan",
    "countryCode": "JP",
    "region": "13",
    "regionName": "Tokyo",
    "city": "Higashiyamato",
    "zip": "207-0021",
    "lat": 35.7484,
    "lon": 139.4258,
    "timezone": "Asia/Tokyo",
    "isp": "Kddi Corporation",
    "org": "KDDI",
    "as": "AS2516 KDDI CORPORATION",
    "query": "27.84.177.35"
  },
  "58.85.126.221": {
    "status": "success",
    "country": "Japan",
    "countryCode": "JP",
    "region": "27",
    "regionName": "Osaka",
    "city": "Minoh",
    "zip": "562-0011",
    "lat": 34.845,
    "lon": 135.4855,
    "timezone": "Asia/Tokyo",
    "isp": "JCOM Co., Ltd.",
    "org": "JCOM",
    "as": "AS9617 JCOM Co., Ltd.",
    "query": "58.85.126.221"
  },
  "60.109.36.51": {
    "status": "success",
    "country": "Japan",
    "countryCode": "JP",
    "region": "13",
    "regionName": "Tokyo",
    "city": "Minato-ku",
    "zip": "104-0045",
    "lat": 35.6629,
    "lon": 139.761,
    "timezone": "Asia/Tokyo",
    "isp": "SoftBank Corp.",
    "org": "Japan Nation-wide Network of Softbank Corp.",
    "as": "AS17676 SoftBank Corp.",
    "query": "60.109.36.51"
  },
  "60.113.239.82": {
    "status": "success",
    "country": "Japan",
    "countryCode": "JP",
    "region": "13",
    "regionName": "Tokyo",
    "city": "Minato-ku",
    "zip": "104-0045",
    "lat": 35.6629,
    "lon": 139.761,
    "timezone": "Asia/Tokyo",
    "isp": "SoftBank Corp.",
    "org": "Japan Nation-wide Network of Softbank Corp.",
    "as": "AS17676 SoftBank Corp.",
    "query": "60.113.239.82"
  },
  "60.119.199.206": {
    "status": "success",
    "country": "Japan",
    "countryCode": "JP",
    "region": "13",
    "regionName": "Tokyo",
    "city": "Minato-ku",
    "zip": "104-0045",
    "lat": 35.6629,
    "lon": 139.761,
    "timezone": "Asia/Tokyo",
    "isp": "SoftBank Corp.",
    "org": "Japan Nation-wide Network of Softbank Corp.",
    "as": "AS17676 SoftBank Corp.",
    "query": "60.119.199.206"
  },
  "61.215.242.42": {
    "status": "success",
    "country": "Japan",
    "countryCode": "JP",
    "region": "39",
    "regionName": "Kochi",
    "city": "Kochi",
    "zip": "780-8031",
    "lat": 33.5546,
    "lon": 133.5324,
    "timezone": "Asia/Tokyo",
    "isp": "STNet, Incorporated",
    "org": "Pikara",
    "as": "AS7522 STNet, Incorporated",
    "query": "61.215.242.42"
  },
  "92.202.57.52": {
    "status": "success",
    "country": "Japan",
    "countryCode": "JP",
    "region": "25",
    "regionName": "Shiga",
    "city": "Hikone",
    "zip": "522-0041",
    "lat": 35.2592,
    "lon": 136.2362,
    "timezone": "Asia/Tokyo",
    "isp": "Sony Network Communications Inc",
    "org": "Sony Network Communications Inc.",
    "as": "AS2527 Sony Network Communications Inc.",
    "query": "92.202.57.52"
  },
  "189.234.156.68": {
    "status": "success",
    "country": "Mexico",
    "countryCode": "MX",
    "region": "MEX",
    "regionName": "México",
    "city": "Ciudad Nezahualcoyotl",
    "zip": "57000",
    "lat": 19.4372,
    "lon": -99.0369,
    "timezone": "America/Mexico_City",
    "isp": "Uninet S.A. de C.V.",
    "org": "Uninet S.A. de C.V.",
    "as": "AS8151 UNINET",
    "query": "189.234.156.68"
  },
  "181.91.86.60": {
    "status": "success",
    "country": "Paraguay",
    "countryCode": "PY",
    "region": "ASU",
    "regionName": "Asunción",
    "city": "Asunción",
    "zip": "",
    "lat": -25.2869,
    "lon": -57.6511,
    "timezone": "America/Asuncion",
    "isp": "Núcleo S.A.",
    "org": "Apolo -Gold-Telecom-Per",
    "as": "AS27895 Núcleo S.A.",
    "query": "181.91.86.60"
  },
  "176.212.53.221": {
    "status": "success",
    "country": "Russia",
    "countryCode": "RU",
    "region": "YAR",
    "regionName": "Yaroslavl Oblast",
    "city": "Yaroslavl",
    "zip": "150000",
    "lat": 57.6299,
    "lon": 39.8737,
    "timezone": "Europe/Moscow",
    "isp": "JSC \"ER-Telecom Holding\"",
    "org": "JSC \"ER-Telecom Holding\" Yaroslavl' Branch",
    "as": "AS51819 JSC \"ER-Telecom Holding\"",
    "query": "176.212.53.221"
  },
  "185.130.83.204": {
    "status": "success",
    "country": "Russia",
    "countryCode": "RU",
    "region": "TOM",
    "regionName": "Tomsk Oblast",
    "city": "Tomsk",
    "zip": "634000",
    "lat": 56.4884,
    "lon": 84.948,
    "timezone": "Asia/Tomsk",
    "isp": "JSC \"ER-Telecom Holding\"",
    "org": "JSC \"ER-Telecom Holding\" Tomsk Branch",
    "as": "AS56981 JSC \"ER-Telecom Holding\"",
    "query": "185.130.83.204"
  },
  "2.62.238.55": {
    "status": "success",
    "country": "Russia",
    "countryCode": "RU",
    "region": "KEM",
    "regionName": "Kemerovo Oblast",
    "city": "Leninsk-Kuznetsky",
    "zip": "652502",
    "lat": 54.6567,
    "lon": 86.1737,
    "timezone": "Asia/Novokuznetsk",
    "isp": "JSC Rostelecom regional branch \"Siberia\"",
    "org": "OJSC Sibirtelecom",
    "as": "AS12389 PJSC Rostelecom",
    "query": "2.62.238.55"
  },
  "31.207.169.5": {
    "status": "success",
    "country": "Russia",
    "countryCode": "RU",
    "region": "KGN",
    "regionName": "Kurgan Oblast",
    "city": "Kurgan",
    "zip": "640000",
    "lat": 55.4503,
    "lon": 65.3288,
    "timezone": "Asia/Yekaterinburg",
    "isp": "Intersvyaz-2 JSC",
    "org": "",
    "as": "AS8369 Intersvyaz-2 JSC",
    "query": "31.207.169.5"
  },
  "37.122.68.193": {
    "status": "success",
    "country": "Russia",
    "countryCode": "RU",
    "region": "BA",
    "regionName": "Bashkortostan Republic",
    "city": "Mezhgor'ye",
    "zip": "",
    "lat": 54.2397,
    "lon": 57.964,
    "timezone": "Asia/Yekaterinburg",
    "isp": "Bashinformsvyaz Company, RUMS, DSL",
    "org": "Bashinformsvyaz Company",
    "as": "AS28812 PJSC \"Bashinformsvyaz\"",
    "query": "37.122.68.193"
  },
  "5.18.178.64": {
    "status": "success",
    "country": "Russia",
    "countryCode": "RU",
    "region": "SPE",
    "regionName": "St.-Petersburg",
    "city": "St Petersburg",
    "zip": "190990",
    "lat": 59.8983,
    "lon": 30.2618,
    "timezone": "Europe/Moscow",
    "isp": "Z-Telecom",
    "org": "JSC ER-Telecom",
    "as": "AS41733 JSC \"ER-Telecom Holding\"",
    "query": "5.18.178.64"
  },
  "92.37.143.114": {
    "status": "success",
    "country": "Russia",
    "countryCode": "RU",
    "region": "KHA",
    "regionName": "Khabarovsk",
    "city": "Khabarovsk",
    "zip": "680000",
    "lat": 48.4817,
    "lon": 135.083,
    "timezone": "Asia/Vladivostok",
    "isp": "Rostelecom networks",
    "org": "",
    "as": "AS12389 PJSC Rostelecom",
    "query": "92.37.143.114"
  },
  "1.217.165.134": {
    "status": "success",
    "country": "South Korea",
    "countryCode": "KR",
    "region": "11",
    "regionName": "Seoul",
    "city": "Guro-gu",
    "zip": "08367",
    "lat": 37.4975,
    "lon": 126.8501,
    "timezone": "Asia/Seoul",
    "isp": "LG DACOM Corporation",
    "org": "Boranet",
    "as": "AS3786 LG DACOM Corporation",
    "query": "1.217.165.134"
  },
  "115.22.171.164": {
    "status": "success",
    "country": "South Korea",
    "countryCode": "KR",
    "region": "26",
    "regionName": "Busan",
    "city": "Saha-gu",
    "zip": "494",
    "lat": 35.0556,
    "lon": 128.9637,
    "timezone": "Asia/Seoul",
    "isp": "Korea Telecom",
    "org": "Kornet",
    "as": "AS4766 Korea Telecom",
    "query": "115.22.171.164"
  },
  "121.129.180.216": {
    "status": "success",
    "country": "South Korea",
    "countryCode": "KR",
    "region": "11",
    "regionName": "Seoul",
    "city": "Seoul",
    "zip": "04524",
    "lat": 37.5658,
    "lon": 126.978,
    "timezone": "Asia/Seoul",
    "isp": "KORNET",
    "org": "gimjongsug",
    "as": "AS4766 Korea Telecom",
    "query": "121.129.180.216"
  },
  "121.160.158.246": {
    "status": "success",
    "country": "South Korea",
    "countryCode": "KR",
    "region": "11",
    "regionName": "Seoul",
    "city": "Seoul",
    "zip": "046",
    "lat": 37.5576,
    "lon": 126.9937,
    "timezone": "Asia/Seoul",
    "isp": "Korea Telecom",
    "org": "",
    "as": "AS4766 Korea Telecom",
    "query": "121.160.158.246"
  },
  "121.165.121.93": {
    "status": "success",
    "country": "South Korea",
    "countryCode": "KR",
    "region": "41",
    "regionName": "Gyeonggi-do",
    "city": "Seongnam-si",
    "zip": "136",
    "lat": 37.3564,
    "lon": 127.1128,
    "timezone": "Asia/Seoul",
    "isp": "Korea Telecom",
    "org": "Sudogwongangnambonbu",
    "as": "AS4766 Korea Telecom",
    "query": "121.165.121.93"
  },
  "124.60.250.138": {
    "status": "success",
    "country": "South Korea",
    "countryCode": "KR",
    "region": "41",
    "regionName": "Gyeonggi-do",
    "city": "Yongin-si",
    "zip": "168",
    "lat": 37.3347,
    "lon": 127.0717,
    "timezone": "Asia/Seoul",
    "isp": "LG POWERCOMM",
    "org": "Xpeed",
    "as": "AS17858 LG POWERCOMM",
    "query": "124.60.250.138"
  },
  "125.136.143.73": {
    "status": "success",
    "country": "South Korea",
    "countryCode": "KR",
    "region": "29",
    "regionName": "Gwangju",
    "city": "Seo-gu",
    "zip": "620",
    "lat": 35.1366,
    "lon": 126.8656,
    "timezone": "Asia/Seoul",
    "isp": "Korea Telecom",
    "org": "KORNET",
    "as": "AS4766 Korea Telecom",
    "query": "125.136.143.73"
  },
  "14.42.230.125": {
    "status": "success",
    "country": "South Korea",
    "countryCode": "KR",
    "region": "26",
    "regionName": "Busan",
    "city": "Haeundae-gu",
    "zip": "480",
    "lat": 35.1692,
    "lon": 129.1738,
    "timezone": "Asia/Seoul",
    "isp": "Korea Telecom",
    "org": "Kornet",
    "as": "AS4766 Korea Telecom",
    "query": "14.42.230.125"
  },
  "211.114.178.109": {
    "status": "success",
    "country": "South Korea",
    "countryCode": "KR",
    "region": "41",
    "regionName": "Gyeonggi-do",
    "city": "Namyangju",
    "zip": "121",
    "lat": 37.6675,
    "lon": 127.2383,
    "timezone": "Asia/Seoul",
    "isp": "Korea Telecom",
    "org": "Kornet",
    "as": "AS4766 Korea Telecom",
    "query": "211.114.178.109"
  },
  "218.145.181.197": {
    "status": "success",
    "country": "South Korea",
    "countryCode": "KR",
    "region": "11",
    "regionName": "Seoul",
    "city": "Gangnam-gu",
    "zip": "061",
    "lat": 37.5093,
    "lon": 127.0465,
    "timezone": "Asia/Seoul",
    "isp": "Korea Telecom",
    "org": "Kornet",
    "as": "AS4766 Korea Telecom",
    "query": "218.145.181.197"
  },
  "218.145.207.123": {
    "status": "success",
    "country": "South Korea",
    "countryCode": "KR",
    "region": "11",
    "regionName": "Seoul",
    "city": "Gangnam-gu",
    "zip": "062",
    "lat": 37.4909,
    "lon": 127.0452,
    "timezone": "Asia/Seoul",
    "isp": "Korea Telecom",
    "org": "Kornet",
    "as": "AS4766 Korea Telecom",
    "query": "218.145.207.123"
  },
  "218.146.77.98": {
    "status": "success",
    "country": "South Korea",
    "countryCode": "KR",
    "region": "11",
    "regionName": "Seoul",
    "city": "Gwanak-gu",
    "zip": "088",
    "lat": 37.4625,
    "lon": 126.9438,
    "timezone": "Asia/Seoul",
    "isp": "Korea Telecom",
    "org": "",
    "as": "AS4766 Korea Telecom",
    "query": "218.146.77.98"
  },
  "220.87.49.215": {
    "status": "success",
    "country": "South Korea",
    "countryCode": "KR",
    "region": "41",
    "regionName": "Gyeonggi-do",
    "city": "Gimpo-si",
    "zip": "10108",
    "lat": 37.626,
    "lon": 126.7152,
    "timezone": "Asia/Seoul",
    "isp": "Korea Telecom",
    "org": "sibjeongdong442 jugeomiljib jiyug",
    "as": "AS4766 Korea Telecom",
    "query": "220.87.49.215"
  },
  "221.143.53.34": {
    "status": "success",
    "country": "South Korea",
    "countryCode": "KR",
    "region": "11",
    "regionName": "Seoul",
    "city": "Seongbuk-gu",
    "zip": "028",
    "lat": 37.5961,
    "lon": 127.0292,
    "timezone": "Asia/Seoul",
    "isp": "SK Broadband Co Ltd",
    "org": "SK Broadband Co Ltd",
    "as": "AS9318 SK Broadband Co Ltd",
    "query": "221.143.53.34"
  },
  "221.165.244.128": {
    "status": "success",
    "country": "South Korea",
    "countryCode": "KR",
    "region": "11",
    "regionName": "Seoul",
    "city": "Gwangjin-gu",
    "zip": "049",
    "lat": 37.547,
    "lon": 127.0958,
    "timezone": "Asia/Seoul",
    "isp": "Korea Telecom",
    "org": "Kornet",
    "as": "AS4766 Korea Telecom",
    "query": "221.165.244.128"
  },
  "58.232.230.23": {
    "status": "success",
    "country": "South Korea",
    "countryCode": "KR",
    "region": "41",
    "regionName": "Gyeonggi-do",
    "city": "Areannamkwaengi",
    "zip": "129",
    "lat": 37.0745,
    "lon": 127.3264,
    "timezone": "Asia/Seoul",
    "isp": "SK Broadband Co Ltd",
    "org": "SK Broadband Co Ltd",
    "as": "AS9318 SK Broadband Co Ltd",
    "query": "58.232.230.23"
  },
  "59.14.69.214": {
    "status": "success",
    "country": "South Korea",
    "countryCode": "KR",
    "region": "41",
    "regionName": "Gyeonggi-do",
    "city": "Anyang-si",
    "zip": "141",
    "lat": 37.3666,
    "lon": 126.9512,
    "timezone": "Asia/Seoul",
    "isp": "Korea Telecom",
    "org": "Kornet",
    "as": "AS4766 Korea Telecom",
    "query": "59.14.69.214"
  },
  "61.76.60.236": {
    "status": "success",
    "country": "South Korea",
    "countryCode": "KR",
    "region": "26",
    "regionName": "Busan",
    "city": "Busan",
    "zip": "478",
    "lat": 35.1954,
    "lon": 129.0571,
    "timezone": "Asia/Seoul",
    "isp": "Korea Telecom",
    "org": "Kornet",
    "as": "AS4766 Korea Telecom",
    "query": "61.76.60.236"
  },
  "184.22.233.70": {
    "status": "success",
    "country": "Thailand",
    "countryCode": "TH",
    "region": "10",
    "regionName": "Bangkok",
    "city": "Bangkok",
    "zip": "10110",
    "lat": 13.7101,
    "lon": 100.4543,
    "timezone": "Asia/Bangkok",
    "isp": "AIS-Fibre",
    "org": "",
    "as": "AS133481 AIS Fibre",
    "query": "184.22.233.70"
  },
  "49.228.34.21": {
    "status": "success",
    "country": "Thailand",
    "countryCode": "TH",
    "region": "10",
    "regionName": "Bangkok",
    "city": "Bangkok",
    "zip": "10260",
    "lat": 13.6687,
    "lon": 100.579,
    "timezone": "Asia/Bangkok",
    "isp": "Advanced Wireless Network Company Limited",
    "org": "AIS Fibre",
    "as": "AS133481 AIS Fibre",
    "query": "49.228.34.21"
  },
  "167.60.36.210": {
    "status": "success",
    "country": "Uruguay",
    "countryCode": "UY",
    "region": "MO",
    "regionName": "Montevideo Department",
    "city": "Montevideo",
    "zip": "11100",
    "lat": -34.9055,
    "lon": -56.1944,
    "timezone": "America/Montevideo",
    "isp": "Administracion Nacional de Telecomunicaciones",
    "org": "Administracion Nacional de Telecomunicaciones",
    "as": "AS6057 Administracion Nacional de Telecomunicaciones",
    "query": "167.60.36.210"
  },
  "104.151.202.25": {
    "status": "success",
    "country": "United States",
    "countryCode": "US",
    "region": "AR",
    "regionName": "Arkansas",
    "city": "Greenwood",
    "zip": "72936",
    "lat": 35.2156,
    "lon": -94.2558,
    "timezone": "America/Chicago",
    "isp": "Wave Rural Connect, LLC",
    "org": "Enzu Inc",
    "as": "AS36556 Wave Rural Connect, LLC",
    "query": "104.151.202.25"
  },
  "13.209.92.155": {
    "status": "success",
    "country": "South Korea",
    "countryCode": "KR",
    "region": "11",
    "regionName": "Seoul",
    "city": "Seoul",
    "zip": "",
    "lat": 37.5665,
    "lon": 126.978,
    "timezone": "Asia/Seoul",
    "isp": "Amazon Technologies Inc.",
    "org": "AWS EC2 (ap-northeast-2)",
    "as": "AS16509 Amazon.com, Inc.",
    "query": "13.209.92.155"
  },
  "156.47.78.177": {
    "status": "success",
    "country": "United States",
    "countryCode": "US",
    "region": "CA",
    "regionName": "California",
    "city": "Roseville",
    "zip": "95661",
    "lat": 38.7373,
    "lon": -121.2322,
    "timezone": "America/Los_Angeles",
    "isp": "Consolidated Communications, Inc.",
    "org": "Consolidated Communications, Inc.",
    "as": "AS14051 Consolidated Communications, Inc.",
    "query": "156.47.78.177"
  },
  "163.123.180.27": {
    "status": "success",
    "country": "United States",
    "countryCode": "US",
    "region": "MO",
    "regionName": "Missouri",
    "city": "Kansas City",
    "zip": "64121",
    "lat": 39.0997,
    "lon": -94.5786,
    "timezone": "America/Chicago",
    "isp": "Nocix, LLC",
    "org": "Database Mart LLC",
    "as": "AS32097 WholeSale Internet, Inc.",
    "query": "163.123.180.27"
  },
  "69.120.234.23": {
    "status": "success",
    "country": "United States",
    "countryCode": "US",
    "region": "NY",
    "regionName": "New York",
    "city": "Brooklyn",
    "zip": "11218",
    "lat": 40.6446,
    "lon": -73.9743,
    "timezone": "America/New_York",
    "isp": "Cablevision Systems Corp.",
    "org": "Optimum Online (Cablevision Systems)",
    "as": "AS6128 Cablevision Systems Corp.",
    "query": "69.120.234.23"
  },
  "76.17.126.41": {
    "status": "success",
    "country": "United States",
    "countryCode": "US",
    "region": "GA",
    "regionName": "Georgia",
    "city": "Atlanta",
    "zip": "30303",
    "lat": 33.7485,
    "lon": -84.3871,
    "timezone": "America/New_York",
    "isp": "Comcast Cable Communications, LLC",
    "org": "Comcast Cable Communications, LLC",
    "as": "AS7922 Comcast Cable Communications, LLC",
    "query": "76.17.126.41"
  },
  "117.3.146.91": {
    "status": "success",
    "country": "Vietnam",
    "countryCode": "VN",
    "region": "40",
    "regionName": "Bình Thuận Province",
    "city": "Phan Thiết",
    "zip": "800000",
    "lat": 10.9293,
    "lon": 108.0976,
    "timezone": "Asia/Ho_Chi_Minh",
    "isp": "VIETTEL",
    "org": "",
    "as": "AS7552 Viettel Group",
    "query": "117.3.146.91"
  },
  "42.112.233.36": {
    "status": "success",
    "country": "Vietnam",
    "countryCode": "VN",
    "region": "HN",
    "regionName": "Hanoi",
    "city": "Hanoi",
    "zip": "",
    "lat": 21.0278,
    "lon": 105.834,
    "timezone": "Asia/Bangkok",
    "isp": "FPT Telecom Company",
    "org": "Vietnam Internet Network Information Center",
    "as": "AS18403 FPT Telecom Company",
    "query": "42.112.233.36"
  },
  "42.114.252.221": {
    "status": "success",
    "country": "Vietnam",
    "countryCode": "VN",
    "region": "HN",
    "regionName": "Hanoi",
    "city": "Hanoi",
    "zip": "100000",
    "lat": 21.0184,
    "lon": 105.8461,
    "timezone": "Asia/Bangkok",
    "isp": "FPT Telecom Company",
    "org": "Vietnam Internet Network Information Center",
    "as": "AS18403 FPT Telecom Company",
    "query": "42.114.252.221"
  }
}